남영,서울,1.7
남영,용산,1.5
노량진,용산,2.6
노량진,대방,1.5
대방,영등포,1.8
신도림,영등포,1.5
구로,신도림,1.1
가산디지털단지,구로,2.4
가산디지털단지,금천구청,3.2
광명,천안아산,74.0
오송,천안아산,28.7
대전,대전조차장,4.7
대구,동대구,3.2
대구남,동대구,0.7
대구남,신경주분,43.8
경주,신경주분,4.5
경주,울산,30.0
부산북,울산,50.4
부산,부산북,1.3
서울,옥천,176.0
대구,지천,9.8
고모,동대구,5.5
가천,고모,1.6
가천,경산,5.2
경산,삼성,7.1
남성현,삼성,7.4
남성현,청도,8.7
신거,청도,5.6
상동,신거,4.8
밀양,상동,9.4
미전,밀양,11.0
미전,삼랑진,1.5
삼랑진,원동,9.1
물금,원동,9.2
물금,화명,9.4
구포,화명,3.4
구포,사상,5.0
부산진,사상,9.6
부산,부산진,1.8
공주,오송,43.8
익산,익산분기기,1.6
광주송정,노안,9.3
나주,노안,6.5
나주,다시,7.3
고막원,다시,3.2
고막원,함평,6.7
무안,함평,7.6
몽탄,무안,3.7
몽탄,일로,9.6
일로,임성리,5.2
목포,임성리,7.3
개태사,계룡,9.3
개태사,연산,4.9
부황,연산,4.9
논산,부황,6.3
논산,채운,6.7
강경,채운,3.2
강경,용동,6.0
용동,함열,5.1
함열,황등,9.4
익산,황등,6.7
부용,익산,7.4
부용,와룡,3.2
김제,와룡,7.1
감곡,김제,6.8
감곡,신태인,5.5
신태인,초강,5.6
정읍,초강,7.9
정읍,천원,6.0
노령,천원,4.2
공주,익산,46.0
익산,정읍,42.1
광주송정,정읍,50.5
노령,서울,296.7
노령,백양사,7.0
백양사,안평,11.5
안평,장성,3.7
임곡,장성,10.9
임곡,하남,6.5
북송정,하남,2.8
광주송정,북송정,1.3
대전,오송,35.1
김천(구미),대전,73.8
김천(구미),동대구,53.1
경주,동대구,49.0
부산,울산,51.7
북송정,서울,339.1
극락강,북송정,6.3
광주,극락강,7.4
금천구청,석수,2.3
관악,석수,1.9
관악,안양,2.4
명학,안양,2.2
금정,명학,1.4
군포,금정,2.2
군포,당정,1.6
당정,의왕,2.6
성균관대,의왕,2.9
성균관대,화서,2.6
수원,화서,2.1
신대,창내,5.5
신대,평택,2.1
신대,지제,2.2
서울,수원,41.5
세류,수원,2.9
병점,세류,4.3
병점,세마,2.4
세마,오산대,2.7
오산,오산대,2.7
오산,진위,4.0
송탄,진위,3.8
서정리,송탄,2.2
서정리,평택지제,4.8
평택,평택지제,3.7
성환,평택,9.4
성환,직산,5.4
두정,직산,3.8
두정,천안,3.0
소정리,천안,10.8
소정리,전의,7.5
전동,전의,7.7
서창,전동,3.5
서창,조치원,3.2
내판,조치원,5.6
내판,부강,4.9
매포,부강,4.6
매포,신탄진,7.5
신탄진,회덕,5.6
대전조,회덕,4.1
대전,대전조,4.7
병점,병점기지,1.4
병점기지,서동탄,0.8
대전,서대전,5.7
오봉,의왕,3.0
부강,부강화물,2.9
서창,오송,3.6
대전,서울,166.3
대전,세천,7.3
세천,옥천,8.9
옥천,이원,8.3
이원,지탄,5.6
심천,지탄,4.4
각계,심천,3.8
각계,영동,7.0
영동,황간,14.6
추풍령,황간,8.5
신암,추풍령,6.0
신암,직지사,5.5
김천,직지사,7.6
김천,대신,9.7
대신,아포,5.7
구미,아포,7.5
구미,사곡,4.6
사곡,약목,8.2
약목,왜관,6.5
연화,왜관,6.2
신동,연화,3.7
신동,지천,7.4
서대구,지천,5.6
대구,서대구,4.2
가천,금강,4.3
금강,청천,3.8
청천,하양,5.5
금호,하양,5.1
금호,북영천분기,5.2
북영천분기,영천,2.2
동대구,서울,326.3
가야,사상,5.1
가야,범일,3.2
낙동강,미전,1.6
물금,양산화물,3.5
신동,신동화물,4.7
용산,이촌,1.9
서빙고,이촌,1.7
서빙고,한남,1.9
옥수,한남,1.6
옥수,응봉,1.8
왕십리,응봉,1.4
왕십리,청량리,2.4
청량리,회기,1.3
외대앞,회기,0.9
신이문,외대앞,0.8
석계,신이문,1.4
광운대,석계,1.1
광운대,월계,1.1
녹천,월계,1.4
녹천,창동,1.0
방학,창동,1.7
도봉,방학,1.3
도봉,도봉산,1.2
도봉산,망월사,2.3
망월사,회룡,1.4
의정부,회룡,1.6
가능,의정부,1.2
가능,녹양,1.3
녹양,양주,1.6
덕계,양주,5.3
덕계,덕정,2.9
덕정,지행,5.6
동두천중앙,지행,1.0
동두천중앙,보산,1.4
동두천,보산,1.6
동두천,소요산,2.4
소요산,청산,5.8
전곡,청산,3.3
연천,전곡,8.7
신망리,연천,4.0
대광리,신망리,7.0
대광리,신탄리,4.4
백마고지,신탄리,5.6
망우,신내,2.1
갈매,신내,2.6
갈매,별내,1.4
별내,퇴계원,1.6
사릉,퇴계원,3.3
금곡,사릉,3.6
금곡,평내호평,4.0
천마산,평내호평,4.2
마석,천마산,2.2
대성리,마석,7.4
대성리,청평,7.5
상천,청평,4.8
가평,상천,7.1
가평,굴봉산,4.7
굴봉산,백양리,2.9
강촌,백양리,5.3
강촌,김유정,7.4
김유정,남춘천,5.9
남춘천,춘천,2.7
평내기지,평내호평,2.5
능곡,대곡,1.5
대곡,대정,1.3
대정,원릉,2.9
삼릉,원릉,2.1
벽제,삼릉,4.2
벽제,일영,4.7
일영,장흥,2.4
송추,장흥,4.0
송추,의정부,8.7
서울,신촌,3.1
가좌,신촌,2.7
가좌,디지털미디어시티,1.7
디지털미디어시티,수색,0.6
수색,한국항공대,3.4
강매,한국항공대,2.4
강매,행신,1.0
능곡,행신,1.5
곡산,대곡,1.7
곡산,백마,1.6
백마,풍산,1.7
일산,풍산,1.9
일산,탄현,1.7
야당,탄현,2.1
야당,운정,1.5
금릉,운정,3.1
금릉,금촌,2.1
금촌,월롱,4.1
월롱,파주,2.2
문산,파주,4.4
문산,운천,3.7
운천,임진강,2.3
도라산,임진강,3.7
가좌,수색,2.4
금정,산본,2.3
산본,수리산,1.1
대야미,수리산,2.6
대야미,반월,2.0
반월,상록수,3.7
상록수,한대앞,1.5
중앙,한대앞,1.6
고잔,중앙,1.4
고잔,초지,1.5
안산,초지,1.8
능길,안산,2.2
능길,정왕,2.9
오이도,정왕,1.4
기지,한국항공대,2.8
기지,문산,2.1
경의선분기,인천공항선분기,2.2
시흥기지,오이도,2.0
용산,효창공원앞,1.5
공덕,효창공원앞,1.0
공덕,서강대,1.9
서강대,홍대입구,0.9
가좌,홍대입구,1.7
DMC,가좌,1.6
서울,시청,1.1
시청,종각,1.0
종각,종로3가,0.8
종로3가,종로5가,0.9
동대문,종로5가,0.8
동대문,신설동,1.3
신설동,제기동,0.9
제기동,청량리,1.0
구로,구일,1.4
개봉,구일,1.0
개봉,오류동,1.3
오류동,온수,1.9
역곡,온수,1.3
소사,역곡,1.5
부천,소사,1.1
부천,중동,1.7
송내,중동,1.0
부개,송내,1.2
부개,부평,1.5
백운,부평,1.7
동암,백운,1.5
간석,동암,1.2
간석,주안,1.2
제물포,주안,2.0
도원,제물포,1.4
도원,동인천,1.2
동인천,인천,1.9
군산옥산,대야,8.3
군산옥산,군산항,17.5
동익산,목천,3.4
봉명,천안,1.3
봉명,쌍용,1.6
쌍용,아산,1.6
아산,탕정,1.8
배방,탕정,3.1
배방,온양온천,4.9
신창,온양온천,5.1
도고온천,신창,5.8
도고온천,신례원,4.5
신례원,예산,5.0
삽교,예산,7.8
삽교,화양,6.8
홍성,화양,5.3
신성,홍성,4.1
광천,신성,8.6
광천,원죽,4.1
원죽,청소,3.7
주포,청소,4.3
대천,주포,8.2
남포,대천,3.1
남포,웅천,9.0
웅천,판교,11.2
서천,판교,8.6
서천,장항,4.8
군산,장항,7.0
군산,군산화물선분기,7.2
군산화물선분기,대야,2.6
대야,목천신호소,9.4
목천신호소,익산,2.3
개정,군산화물,5.4
군산옥산,옥구,7.9
오송,조치원,4.4
오송,청주,7.0
오근장,청주,10.1
내수,오근장,7.3
내수,증평,7.8
도안,증평,6.2
도안,보천,8.7
보천,음성,8.1
소이,음성,4.5
소이,주덕,7.8
달천,주덕,7.0
달천,충주,3.8
목행,충주,5.4
동량,목행,4.6
동량,삼탄,7.9
공전,삼탄,5.8
공전,봉양,8.6
김천,옥산,20.0
옥산,청리,7.1
상주,청리,8.9
백원,상주,8.4
백원,함창,11.4
점촌,함창,4.2
용궁,점촌,6.9
개포,용궁,6.4
개포,예천,11.7
어등,예천,16.6
어등,영주,13.6
점촌,주평,7.1
문경,주평,15.2
대전조차장,익산,87.9
대존조차장,서대전,5.7
가수원,서대전,6.1
가수원,흑석리,5.5
계룡,흑석리,8.1
안평,장성화물,3.6
연무대,채운,5.8
경전선,호남선,1.0
대불,일로,12.0
동익산,익산,2.8
동익산,삼례,10.8
동산,삼례,4.0
동산,전주,7.9
신리,전주,9.4
신리,죽림온천,5.1
관촌,죽림온천,9.0
관촌,임실,4.0
봉천,임실,6.3
봉천,오수,4.3
서도,오수,5.9
산성,서도,6.4
남원,산성,3.6
남원,주생,5.8
옹정,주생,3.0
금지,옹정,3.1
곡성,금지,5.7
곡성,압록,11.5
구례구,압록,8.8
구례구,봉덕,3.6
괴목,봉덕,5.2
개운,괴목,8.2
개운,동운,3.2
동운,순천,8.0
성산,순천,5.2
성산,율촌,6.2
덕양,율촌,8.6
덕양,여천,5.3
여수엑스포,여천,9.5
덕양,흥국사,6.2
적량,흥국사,5.4
동산,북전주,1.7
낙동강,삼랑진,1.7
낙동강,한림정,8.1
진영,한림정,4.3
진례,진영,3.9
진례,창원중앙,10.2
용강,창원중앙,7.0
용강,창원,3.3
마산,창원,3.6
마산,중리,6.6
중리,함안,8.9
군북,함안,7.0
군북,반성,13.5
반성,진주,13.3
완사,진주,13.1
북천,완사,9.4
북천,횡천,8.1
하동,횡천,5.4
진상,하동,6.8
광양,진상,14.3
광양,평화,3.7
순천,평화,4.3
순천,원창,11.8
구룡,원창,4.7
구룡,벌교,6.9
벌교,조성,10.7
예당,조성,5.3
득량,예당,4.3
득량,보성,9.1
성산,평화,3.0
광주선분기,극락강,4.5
보성,삼랑진,209.3
광곡,보성,4.9
광곡,명봉,3.9
명봉,이양,12.8
능주,이양,12.2
능주,화순,8.9
남평,화순,9.2
남평,효천,5.4
서광주,효천,4.1
동송정,서광주,4.3
광주선분기,동송정,0.6
광주선분기,북송정,0.8
덕산,용강,4.9
광양항,황길,2.7
신창원,창원,4.8
남창원,신창원,4.4
남창원,성주사,3.6
경화,성주사,4.1
경화,진해,2.6
진해,통해,1.7
광양,초남,6.0
초남,황길,6.5
태금,황길,6.1
장유,진례,9.6
부산신항,장유,11.7
부산신항,북철송장,5.8
남철송장,부산신항,7.7
신광양항,초남,6.2
범일,부산진,2.1
범일,부전,2.5
부산진,우암,2.4
신선대,우암,3.7
부조,효자,5.3
괴동,효자,5.6
가야,부전,2.2
망양,용암,4.3
용암,울산신항,5.5
망양,울산기지,2.2
거제,교대,0.7
교대,동래,1.2
동래,안락,0.9
센텀,재송,1.0
벡스코,센텀,1.4
남창,온산,8.6
울산,장생포,3.6
송정,오시리아,1.1
기장,오시리아,5.7
기장,일광,3.0
일광,좌천,5.1
월내,좌천,3.5
서생,월내,2.6
남창,서생,8.4
남창,망양,4.4
덕하,망양,4.5
개운포,덕하,2.4
개운포,태화강,4.9
북울산,태화강,9.7
북울산,외동,11.7
경주,외동,20.5
경주,모량,4.4
모량,서경주,8.2
서경주,안강,10.8
부조,안강,5.8
부조,포항,10.2
월포,포항,15.3
월포,장사,9.1
강구,장사,7.6
강구,영덕,6.6
영일만항,포항,11.2
도담,청량리,148.5
단양,도담,6.0
단양,풍기,21.4
영주,풍기,12.4
영주,옹천,17.8
안동,옹천,13.3
망호,안동,12.8
망호,업동,8.9
업동,의성,4.3
비봉,의성,6.3
비봉,탑리,5.4
우보,탑리,8.6
우보,화본,8.0
봉림,화본,5.4
갑현,봉림,4.8
갑현,신녕,5.0
신녕,화산,6.4
북영천,화산,8.1
북영천,영천,2.5
아화,영천,15.1
모량,아화,11.2
광운대,망 우,4.9
중랑,회기,1.8
상봉,중랑,0.8
망우,상봉,0.6
망우,양원,1.7
구리,양원,3.2
구리,도농,1.7
도농,양정,3.7
덕소,양정,2.3
덕소,도심,1.5
도심,팔당,4.2
운길산,팔당,6.4
양수,운길산,1.9
신원,양수,4.7
국수,신원,2.9
국수,아신,4.1
아신,오빈,2.8
양평,오빈,2.2
양평,원덕,5.8
용문,원덕,4.8
용문,지평,3.6
석불,지평,2.9
석불,일신,3.5
매곡,일신,3.8
매곡,양동,3.0
삼산,양동,3.9
삼산,서원주,7.2
서원주,원주,8.3
운학,원주,15.7
봉양,운학,14.8
봉양,제천조차장,4.5
제천,제천조차장,2.4
고명,제천,3.9
고명,삼곡,5.2
도담,삼곡,7.3
제 천,체천조,2.3
영동선,중앙선,0.7
북영천,북영천분기,1.4
용문,용문기지,2.7
입석리,제천,13.7
쌍룡,입석리,4.6
쌍룡,연당,7.6
연당,청령포,5.7
영월,청령포,3.1
영월,탄부,2.7
연하,탄부,4.9
석항,연하,6.7
석항,예미,3.1
예미,조동,6.6
자미원,조동,4.4
민둥산,자미원,6.7
민둥산,사북,6.0
고한,사북,4.6
고한,추전,9.0
추전,태백,6.0
문곡,태백,3.0
문곡,태백선분기,4.5
백산,태백선분기,1.2
예미,함백,5.2
조동,함백,4.4
동해,묵호항,5.1
묵호,묵호항,0.8
영동선,태백선,1.3
민둥산,별어곡,6.4
별어곡,선평,7.3
선평,정선,8.9
나전,정선,10.0
나전,아우라지,6.1
북영주,영주,1.8
문단,북영주,7.2
문단,봉화,5.7
거촌,봉화,5.5
거촌,봉성,5.5
법전,봉성,7.0
법전,춘양,5.2
녹동,춘양,4.8
녹동,임기,4.9
임기,현동,5.1
분천,현동,6.6
분천,승부,9.9
석포,승부,7.6
동점,석포,6.2
동점,철암,4.0
백산,철암,4.3
동백산,백산,1.8
동백산,솔안,10.0
도계,솔안,8.2
고사리,도계,4.7
고사리,하고사리,1.7
마차리,하고사리,3.5
마차리,신기,5.4
상정,신기,5.2
미로,상정,5.0
도경리,미로,3.3
도경리,동해,7.5
동해,묵호,6.0
망상,묵호,6.0
망상,옥계,5.5
옥계,정동진,11.4
안인,정동진,7.1
안인,청량신호소,5.3
동해,삼화,6.4
동해,삼척,12.9
이매,판교,1.5
삼동,이매,6.9
경기광주,삼동,4.9
경기광주,초월,5.0
곤지암,초월,4.9
곤지암,신둔도예촌,6.9
신둔도예촌,이천,7.4
부발,이천,4.49
부발,세종대왕릉,7.4
세종대왕릉,여주,5.4
강릉,청량,4.2
남강릉,청량,3.8
남강릉,대관령,19.6
대관령,진부(오대산),12.7
진부(오대산),평창,16.3
둔내,평창,20.0
둔내,횡성,20.6
만종,횡성,18.3
만종,서원주,5.4
강릉차량기지,본선,0.92
강릉분,남강릉,2.5
강릉분,청량B,1.1
청량B,청량C,1.9
안인,청량C,2.4
부발,아미,2.5
가남,아미,6.5
가남,감곡장호원,12.2
감곡장호원,앙성온천,14.6
금가,앙성온천,11.8
금가,충주,8.7
